[
   {
      "command" : "require",
      "group" : "0",
      "name" : "product",
      "value" : "arom-tiny"
   },
   {
      "command" : "require",
      "group" : "0",
      "name" : "version",
      "value" : "0.5"
   },
   {
      "command" : "require",
      "group" : "0",
      "name" : "version-bootrom",
      "value" : "2021.10.16"
   },
   {
      "command" : "progress",
      "group" : "0",
      "name" : "weight",
      "value" : 23703552
   },
   {
      "command" : "call",
      "group" : "0",
      "image" : "preboot.img"
   },
   {
      "command" : "call",
      "group" : "0",
      "image" : "flasher.img"
   },
   {
      "command" : "partition",
      "group" : "0",
      "image" : "flashinfo.bin"
   },
   {
      "command" : "partition",
      "group" : "0",
      "image" : "partition.bin"
   },
   {
      "command" : "erase",
      "group" : "1",
      "partition" : "bootloader",
      "weight" : 90112
   },
   {
      "command" : "flash",
      "group" : "2",
      "image" : "partition.bin",
      "partition" : "ptable",
      "weight" : 8192
   },
   {
      "command" : "flash",
      "group" : "2",
      "image" : "fwcerts.bin",
      "partition" : "fwcerts",
      "weight" : 16384
   },
   {
      "command" : "flash",
      "group" : "2",
      "image" : "ReliableData.bin",
      "partition" : "rd",
      "weight" : 65536
   },
   {
      "command" : "flash",
      "group" : "2",
      "image" : "cp.bin",
      "partition" : "cp",
      "weight" : 11608064
   },
   {
      "command" : "flash",
      "group" : "2",
      "image" : "dsp.bin",
      "partition" : "dsp",
      "weight" : 212992
   },
   {
      "command" : "flash",
      "group" : "2",
      "image" : "rf.bin",
      "partition" : "rfbin",
      "weight" : 8192
   },
   {
      "command" : "flash",
      "group" : "2",
      "image" : "logo.bin",
      "partition" : "logo",
      "weight" : 81920
   },
   {
      "command" : "flash",
      "group" : "2",
      "image" : "gnss_boot.pkg",
      "partition" : "gnss_boot",
      "weight" : 32768
   },
   {
      "command" : "flash",
      "group" : "2",
      "image" : "gnss_firm.pkg",
      "partition" : "gnss_firm",
      "weight" : 475136
   },
   {
      "command" : "flash",
      "group" : "2",
      "image" : "updater.bin",
      "partition" : "updater",
      "weight" : 192512
   },
   {
      "command" : "erase",
      "group" : "3",
      "partition" : "fota_param",
      "weight" : 12288
   },
   {
      "command" : "erase",
      "group" : "3",
      "partition" : "erase_rd",
      "weight" : 4096
   },
   {
      "command" : "flash",
      "group" : "4",
      "image" : "customer_app.bin",
      "partition" : "customer_app",
      "weight" : 2420736
   },
   {
      "command" : "erase",
      "group" : "5",
      "partition" : "factory_a",
      "productionOnly" : true,
      "weight" : 32768
   },
   {
      "command" : "erase",
      "group" : "5",
      "partition" : "factory_b",
      "productionOnly" : true,
      "weight" : 32768
   },
   {
      "command" : "flash",
      "group" : "1",
      "image" : "bootloader.ubi",
      "partition" : "bootloader",
      "weight" : 167936
   },
   {
      "command" : "flash",
      "group" : "6",
      "image" : "customer_fs.bin",
      "partition" : "customer_fs",
      "weight" : 589824
   },
   {
      "command" : "flash",
      "group" : "7",
      "image" : "customer_backup_fs.bin",
      "partition" : "customer_backup_fs",
      "weight" : 65536
   },
   {
      "command" : "flash",
      "group" : "8",
      "image" : "ext_fs.bin",
      "partition" : "ext_fs",
      "weight" : 6291456
   },
   {
      "command" : "flash",
      "group" : "9",
      "image" : "ext_font.bin",
      "partition" : "ext_font",
      "weight" : 1294336
   }
]
